{
  "获得巩固复习题" : {
    "transaction" : "获得巩固复习题",
    "sampleCount" : 20000,
    "errorCount" : 5787,
    "errorPct" : 28.935,
    "meanResTime" : 322.9818000000003,
    "medianResTime" : 172.0,
    "minResTime" : 0.0,
    "maxResTime" : 2417.0,
    "pct1ResTime" : 743.9000000000015,
    "pct2ResTime" : 788.0,
    "pct3ResTime" : 950.0,
    "throughput" : 399.86404622428375,
    "receivedKBytesPerSec" : 135.5899345784933,
    "sentKBytesPerSec" : 119.86459759931623
  },
  "Total" : {
    "transaction" : "Total",
    "sampleCount" : 100000,
    "errorCount" : 28917,
    "errorPct" : 28.917,
    "meanResTime" : 675.2841899999984,
    "medianResTime" : 115.0,
    "minResTime" : 0.0,
    "maxResTime" : 31055.0,
    "pct1ResTime" : 880.0,
    "pct2ResTime" : 1073.9500000000007,
    "pct3ResTime" : 1580.9800000000032,
    "throughput" : 1918.5020336121556,
    "receivedKBytesPerSec" : 680.8497487661633,
    "sentKBytesPerSec" : 620.4175155038945
  },
  "用户登录" : {
    "transaction" : "用户登录",
    "sampleCount" : 20000,
    "errorCount" : 5713,
    "errorPct" : 28.565,
    "meanResTime" : 2062.4346500000197,
    "medianResTime" : 1091.0,
    "minResTime" : 3.0,
    "maxResTime" : 31055.0,
    "pct1ResTime" : 3231.800000000003,
    "pct2ResTime" : 15837.900000000001,
    "pct3ResTime" : 21221.0,
    "throughput" : 385.10417067816843,
    "receivedKBytesPerSec" : 158.08364492673394,
    "sentKBytesPerSec" : 97.36971594957062
  },
  "获取巩固复习历史错题" : {
    "transaction" : "获取巩固复习历史错题",
    "sampleCount" : 20000,
    "errorCount" : 5748,
    "errorPct" : 28.74,
    "meanResTime" : 321.0342999999997,
    "medianResTime" : 183.5,
    "minResTime" : 0.0,
    "maxResTime" : 2183.0,
    "pct1ResTime" : 748.0,
    "pct2ResTime" : 793.0,
    "pct3ResTime" : 967.9800000000032,
    "throughput" : 399.88003598920324,
    "receivedKBytesPerSec" : 136.4246975907228,
    "sentKBytesPerSec" : 137.7665216060182
  },
  "获取用户信息" : {
    "transaction" : "获取用户信息",
    "sampleCount" : 20000,
    "errorCount" : 5903,
    "errorPct" : 29.515,
    "meanResTime" : 350.69955000000346,
    "medianResTime" : 295.0,
    "minResTime" : 0.0,
    "maxResTime" : 2939.0,
    "pct1ResTime" : 748.0,
    "pct2ResTime" : 793.0,
    "pct3ResTime" : 966.0,
    "throughput" : 399.0104540738967,
    "receivedKBytesPerSec" : 134.8647151938193,
    "sentKBytesPerSec" : 109.93552396307157
  },
  "提交巩固题答案" : {
    "transaction" : "提交巩固题答案",
    "sampleCount" : 20000,
    "errorCount" : 5766,
    "errorPct" : 28.83,
    "meanResTime" : 319.2706499999978,
    "medianResTime" : 158.5,
    "minResTime" : 0.0,
    "maxResTime" : 1905.0,
    "pct1ResTime" : 741.0,
    "pct2ResTime" : 789.0,
    "pct3ResTime" : 965.0,
    "throughput" : 399.8880313512216,
    "receivedKBytesPerSec" : 138.2343803110129,
    "sentKBytesPerSec" : 177.6657613993082
  }
}