{
  "获得巩固复习题" : {
    "transaction" : "获得巩固复习题",
    "sampleCount" : 20000,
    "errorCount" : 10106,
    "errorPct" : 50.53,
    "meanResTime" : 12.93724999999999,
    "medianResTime" : 0.0,
    "minResTime" : 0.0,
    "maxResTime" : 316.0,
    "pct1ResTime" : 33.0,
    "pct2ResTime" : 42.0,
    "pct3ResTime" : 75.0,
    "throughput" : 94.78672985781989,
    "receivedKBytesPerSec" : 69.51569442387441,
    "sentKBytesPerSec" : 14.790811981635072
  },
  "Total" : {
    "transaction" : "Total",
    "sampleCount" : 100000,
    "errorCount" : 50530,
    "errorPct" : 50.53,
    "meanResTime" : 2246.098499999995,
    "medianResTime" : 0.0,
    "minResTime" : 0.0,
    "maxResTime" : 21570.0,
    "pct1ResTime" : 21029.0,
    "pct2ResTime" : 21046.0,
    "pct3ResTime" : 21061.0,
    "throughput" : 471.28240655648085,
    "receivedKBytesPerSec" : 438.6078818447878,
    "sentKBytesPerSec" : 78.95970373420614
  },
  "用户登录" : {
    "transaction" : "用户登录",
    "sampleCount" : 20000,
    "errorCount" : 10106,
    "errorPct" : 50.53,
    "meanResTime" : 11176.972549999919,
    "medianResTime" : 21015.5,
    "minResTime" : 13.0,
    "maxResTime" : 21570.0,
    "pct1ResTime" : 21083.0,
    "pct2ResTime" : 21138.95,
    "pct3ResTime" : 21381.0,
    "throughput" : 94.25648131129617,
    "receivedKBytesPerSec" : 150.43227642362632,
    "sentKBytesPerSec" : 12.067581823462323
  },
  "获取巩固复习历史错题" : {
    "transaction" : "获取巩固复习历史错题",
    "sampleCount" : 20000,
    "errorCount" : 10106,
    "errorPct" : 50.53,
    "meanResTime" : 12.498650000000024,
    "medianResTime" : 0.0,
    "minResTime" : 0.0,
    "maxResTime" : 323.0,
    "pct1ResTime" : 32.0,
    "pct2ResTime" : 40.0,
    "pct3ResTime" : 66.0,
    "throughput" : 94.78672985781989,
    "receivedKBytesPerSec" : 71.78541543246446,
    "sentKBytesPerSec" : 16.98882738447867
  },
  "获取用户信息" : {
    "transaction" : "获取用户信息",
    "sampleCount" : 20000,
    "errorCount" : 10106,
    "errorPct" : 50.53,
    "meanResTime" : 15.277549999999996,
    "medianResTime" : 0.0,
    "minResTime" : 0.0,
    "maxResTime" : 354.0,
    "pct1ResTime" : 38.0,
    "pct2ResTime" : 56.0,
    "pct3ResTime" : 103.0,
    "throughput" : 94.78672985781989,
    "receivedKBytesPerSec" : 71.7289599377962,
    "sentKBytesPerSec" : 13.600220305094787
  },
  "提交巩固题答案" : {
    "transaction" : "提交巩固题答案",
    "sampleCount" : 20000,
    "errorCount" : 10106,
    "errorPct" : 50.53,
    "meanResTime" : 12.806500000000055,
    "medianResTime" : 0.0,
    "minResTime" : 0.0,
    "maxResTime" : 545.0,
    "pct1ResTime" : 32.0,
    "pct2ResTime" : 41.0,
    "pct3ResTime" : 72.0,
    "throughput" : 94.78672985781989,
    "receivedKBytesPerSec" : 76.76669412766587,
    "sentKBytesPerSec" : 21.888570053317537
  }
}