{
  "获得巩固复习题" : {
    "transaction" : "获得巩固复习题",
    "sampleCount" : 20000,
    "errorCount" : 5896,
    "errorPct" : 29.48,
    "meanResTime" : 28.970300000000062,
    "medianResTime" : 12.0,
    "minResTime" : 0.0,
    "maxResTime" : 1001.0,
    "pct1ResTime" : 86.0,
    "pct2ResTime" : 146.0,
    "pct3ResTime" : 216.0,
    "throughput" : 133.31822393462076,
    "receivedKBytesPerSec" : 73.96719647814915,
    "sentKBytesPerSec" : 29.655441133338222
  },
  "Total" : {
    "transaction" : "Total",
    "sampleCount" : 100000,
    "errorCount" : 29480,
    "errorPct" : 29.48,
    "meanResTime" : 1419.6141700000042,
    "medianResTime" : 18.0,
    "minResTime" : 0.0,
    "maxResTime" : 21497.0,
    "pct1ResTime" : 247.0,
    "pct2ResTime" : 21021.0,
    "pct3ResTime" : 21041.0,
    "throughput" : 653.1550655441108,
    "receivedKBytesPerSec" : 439.56162910957,
    "sentKBytesPerSec" : 156.0630216055531
  },
  "用户登录" : {
    "transaction" : "用户登录",
    "sampleCount" : 20000,
    "errorCount" : 5896,
    "errorPct" : 29.48,
    "meanResTime" : 6980.673999999966,
    "medianResTime" : 359.0,
    "minResTime" : 13.0,
    "maxResTime" : 21497.0,
    "pct1ResTime" : 21051.0,
    "pct2ResTime" : 21108.0,
    "pct3ResTime" : 21308.99,
    "throughput" : 130.68478829064298,
    "receivedKBytesPerSec" : 141.19552077888136,
    "sentKBytesPerSec" : 23.918825858435703
  },
  "获取巩固复习历史错题" : {
    "transaction" : "获取巩固复习历史错题",
    "sampleCount" : 20000,
    "errorCount" : 5896,
    "errorPct" : 29.48,
    "meanResTime" : 28.02945000000001,
    "medianResTime" : 12.0,
    "minResTime" : 0.0,
    "maxResTime" : 1001.0,
    "pct1ResTime" : 84.0,
    "pct2ResTime" : 141.0,
    "pct3ResTime" : 207.0,
    "throughput" : 133.31733525310295,
    "receivedKBytesPerSec" : 75.82497652365049,
    "sentKBytesPerSec" : 34.06221461757922
  },
  "获取用户信息" : {
    "transaction" : "获取用户信息",
    "sampleCount" : 20000,
    "errorCount" : 5896,
    "errorPct" : 29.48,
    "meanResTime" : 33.71860000000002,
    "medianResTime" : 11.0,
    "minResTime" : 0.0,
    "maxResTime" : 1002.0,
    "pct1ResTime" : 114.0,
    "pct2ResTime" : 160.0,
    "pct3ResTime" : 225.0,
    "throughput" : 133.2418406027861,
    "receivedKBytesPerSec" : 74.81110366714856,
    "sentKBytesPerSec" : 27.25269273432243
  },
  "提交巩固题答案" : {
    "transaction" : "提交巩固题答案",
    "sampleCount" : 20000,
    "errorCount" : 5896,
    "errorPct" : 29.48,
    "meanResTime" : 26.6785,
    "medianResTime" : 12.0,
    "minResTime" : 0.0,
    "maxResTime" : 999.0,
    "pct1ResTime" : 77.0,
    "pct2ResTime" : 134.0,
    "pct3ResTime" : 201.0,
    "throughput" : 133.31644658343276,
    "receivedKBytesPerSec" : 79.91535915867323,
    "sentKBytesPerSec" : 43.88579529926209
  }
}